[

{
    "position_name": "C# Developer",
    "position": "Middle",
    "english_level": "C2",
    "work_experience": 4,
    "education": "Economics",
    "technology_stack": ["C#", ".NET", "MSSQL", "Xamarin", "Swift", "T-SQL"],
    "developer": true,
    "analyst": true,
    "soft_skills": [],
    "past_experience": [
        {
            "name": "Junior C# Developer",
            "period": "06.2018 - 02.2019",
            "description": [
                "Modernization and supporting of the corporate system",
                "Developing back-end code.",
                "Design user interface.",
                "Debugging code, searching for errors."
            ]
        },
        {
            "name": "C# Developer, analyst",
            "period": "02.2019 - 11.2020",
            "description": [
                "Server-side development (.Net, C#, MS SQL Server).",
                "Cross-platform mobile development (C#, Xamarin Native, Xamarin Forms).",
                "iOS development (Swift).",
                "Analysis, UX design for mobile apps (Sketch)."
            ]
        },
        {
            "name": "Middle C# Developer",
            "period": "11.2020 - Present",
            "description": [
                "Maintained a large existing codebase.",
                "Added features and fixed bugs in a mobile cashier (Windows Mobile), cashier, public terminal, workstation, and server.",
                "Added and tested new features with physical magnetic transportation cards."
            ]
        }
    ]

},

{
    "position_name": "C/C++ Developer",
    "position": "Middle",
    "english_level": "C2",
    "work_experience": 5,
    "education": "Economics",
    "technology_stack": ["C/C++", "C#", "Delphi", "Python", "Oracle", "PL/SQL"],
    "developer": true,
    "analyst": true,
    "soft_skills": [],
    "past_experience": [
        {
            "name": "C++ Developer",
            "period": "12.2017 - 08.2018",
            "description": [
                "Support for working with ALSA sound subsystem.",
                "Acceleration of syscall processing.",
                "Support for syscall filtering using bpf-filters."
            ]
        },
        {
            "name": "Middle C++ Developer",
            "period": "08.2018 - 01.2020",
            "description": [
                "Debugging and revision of the source code of the system (С/С++, Oracle PL/SQL).",
                "Development of individual tools (C/C++, Python).",
                "Integration of subsystems into the main system.",
                "Testing the system, finding and eliminating errors.",
                "Study of business logic, analysis of the specifications of payment systems."
            ]
        },
        {
            "name": "Middle C++ Developer",
            "period": "01.2020 - Present",
            "description": [
                "Maintenance/development of a multi-thread corporate network auditing program - the core, auditing, analysing and action modules:",
                "Maintenance/improvements/enhancements/development of the application core and many auditing, action and analysis modules (most elaborated are mentioned below).",
                "Development of an out-of-process COM proxy server to overcome ADSI single-threading limitation.",
                "Development of a Unix/Linux SSH-based auditing module.",
                "Development of users Web survey (data-related questions definition, survey links E-mailing, answers data collection), file system modification (including permissions correction with rollback support), Active Directory modification, DB schema amendment action modules.",
                "Development of data-related SQL scripts execution, 'business rules' conformity, AD users and groups data expansion analysis modules."
            ]
        }
    ]

},

{
    "position_name": "Data Scientist",
    "position": "Middle",
    "english_level": "C2",
    "work_experience": 5,
    "education": "Economics",
    "technology_stack": ["Python", "Data Engineering", "Data Analysis", "Machine Learning", "Power BI", "SQL"],
    "developer": true,
    "analyst": true,
    "soft_skills": [],
    "past_experience": [
        {
            "name": "Junior Data Scientist",
            "period": "06.2018 - 02.2019",
            "description": [
                "Developed auto-calibration software and ML models for security cameras.",
                "Developed a car motion detection ML model for security cameras."
            ]
        },
        {
            "name": "Data Scientist",
            "period": "02.2019 - 10.2020",
            "description": [
                "Collected, prepared and analyzed user activity data in the company's software.",
                "Made RFC documents for key system components.",
                "Prepared High-level and Low-level design documents"
            ]
        },
        {
            "name": "Middle Data Scientist",
            "period": "11.2020 - Present",
            "description": [
                "Primarily validation of PD models of subsidiary banks: Belarus, Kazakhstan, Czech, Hungary, Slovenia, Serbia, Croatia, Czech and Setelem bank.",
                "Also conducting validation for Service Block and Ecosystem models.",
                "Examples of models: A model for predicting the number of mortgage applications through the on-line service.",
                "An employee churn model for the Technology Block.",
                "A model for predicting internal fraud events.",
                "Product response models.",
                "Classification of messages in the UPARM.",
                "Ranking payments in online application, etc."
            ]
        }
    ]

},

{
    "position_name": "DevOps Engineer",
    "position": "Middle",
    "english_level": "C2",
    "work_experience": 5,
    "education": "Economics",
    "technology_stack": ["Python", "Kubernetes", "Git", "DevOps", "PostgreSQL", "CI/CD"],
    "developer": true,
    "analyst": true,
    "soft_skills": [],
    "past_experience": [
        {
            "name": "Junior automation engineer",
            "period": "07.2017 - 09.2018",
            "description": [
                "Adjusting CICD on Github, GitLab, Bitbucket",
                "Supporting platform on Cloud"
            ]
        },
        {
            "name": "Middle DevOps Engineer",
            "period": "10.2018 - 04.2021",
            "description": [
                "Configuration CI/CD for C# applications",
                "Centos 7.4, RHEL 7.5 support",
                "Windows Servers 2006, Windows Server 2016, IIS support",
                "Work with Atlassian stack: Bitbucket, Bamboo, Jira, Confluence",
                "Writing bash and PowerShell scripts",
                "Containerization (Docker and Openshift)",
                "Test infrastructure support, incident analyzing (hardware, software, OS, DataBase, Network). Finding root causes of application errors.",
                "Communication with QA engineers. Support of unit and selenium autotests. SonarQube and ReportPortal administration.",
                "Control and management of security operations, user administration",
                "Project Documentation (Diagrams, Architecture Design, Instructions)"
            ]
        },
        {
            "name": "Middle DevOps Engineer",
            "period": "04.2021 - Present",
            "description": [
                "Implementing MLOps tools and practices.",
                "Automating infrastructure provisioning, developer operations, continuous integration/delivery, designing, building, and deploying of applications and models.",
                "Implementing MLOps tools and practices.",
                "Automating infrastructure provisioning, developer operations, continuous integration/delivery, designing, building, and deploying of applications and models."
            ]
        }
    ]

},

{
    "position_name": "Erlang Developer",
    "position": "Middle",
    "english_level": "C2",
    "work_experience": 4,
    "education": "Economics",
    "technology_stack": ["Erlang", "Java", "Docker", "Golang", "C/C++"],
    "developer": true,
    "analyst": true,
    "soft_skills": [],
    "past_experience": [
        {
            "name": "Erlang Developer",
            "period": "03.2018 - 11.2019",
            "description": [
                "Building distributed systems for betting and gaming industry",
                "Project management",
                "Code reviews",
                "Application architecture"
            ]
        },
        {
            "name": "Erlang Developer",
            "period": "11.2019 - 11.2020",
            "description": [
                "Code development in Erlang and C programming languages",
                "Functional, design, system and unit testing",
                "All code and test development is done under Git version control system",
                "Working with Make build automation tool",
                "Code review (via Gerrit code collaboration tool)",
                "Troubleshooting (via IBM Rational ClearQuest)",
                "Delivery of the documentation alongside the code (design proposals, test documents, etc.)",
                "Task management (via JIRA)"
            ]
        },
        {
            "name": "Middle Erlang Developer",
            "period": "11.2020 - Present",
            "description": [
                "Development of core functionality of key components of voice and video telephony services, video conferencing and webinars.",
                "Service performance optimization.",
                "Designing architecture, protocols, interfaces.",
                "Working within a distributed Scrum team."
            ]
        }
    ]

},

{
    "position_name": "JavaScript Developer",
    "position": "Middle",
    "english_level": "C2",
    "work_experience": 6,
    "education": "Economics",
    "technology_stack": ["Javascript", "HTML5", "CSS3", "React js", "RESTfull api", "JSON API"],
    "developer": true,
    "analyst": true,
    "soft_skills": [],
    "past_experience": [
        {
            "name": "Developer",
            "period": "01.2016 - 05.2017",
            "description": [
                "Website development, adding functionality to existing ones",
                "Skills: Html, Css ,Javascript, bootstrap, Jquery, React js, redux, php"
            ]
        },
        {
            "name": "Developer",
            "period": "06.2017 - 08.2020",
            "description": [
                "Programming of internal crm systems, web portal. Front and back parts",
                "Creation of new functionality, app, pages, components and sites. Code refactoring. Rewriting for new technologies."
            ]
        },
        {
            "name": "Middle Frontend Developer",
            "period": "11.2020 - Present",
            "description": [
                "Development of new functionality in JavaScript (TypeScript) + React + Redux. Support and improvements to the released projects functionality",
                "Development of functionality for the main project of the knowledge base team (comments block, administration block)",
                "Improvement code quality in refactoring tasks (legacy code and newer projects)",
                "Introduction of new functionality in chrome extension (became more understandable and user-friendly)",
                "Development of a data visualization unit in the form of graphs and a graph editor based (clean web architecture, Vis.JS library)",
                "Development of a presentation display application (client + server (JS + Node.JS ))"
            ]
        }
    ]

},

{
    "position_name": "HTML/CSS Developer",
    "position": "Middle",
    "english_level": "C2",
    "work_experience": 4,
    "education": "Economics",
    "technology_stack": ["JavaScript", "HTML", "CSS", "React", "NodeJS"],
    "developer": true,
    "analyst": true,
    "soft_skills": [],
    "past_experience": [
        {
            "name": "Frontend Developer",
            "period": "06.2018 - 08.2019",
            "description": [
                "Webpages creation with HTML, CSS, JavaScript, jQuery and SharePoint Designer",
                "News Pages",
                "Filterable Catalogues",
                "Making Appointments"
            ]
        },
        {
            "name": "Frontend Developer",
            "period": "08.2019 - 11.2020",
            "description": [
                "Developed React components for web-applications in financial software, telecommunications, health care.",
                "SPA, data visualization, refactoring.",
                "Extended existing code, added new features, tested, debugged, code reviewed."
            ]
        },
        {
            "name": "Middle Frontend Developer",
            "period": "11.2020 - Present",
            "description": [
                "Prototyping & designing.",
                "Development of projects (frontend-parts) from scratch.",
                "Refinement of existing projects.",
                "Development of business logic and back-end systems for product support.",
                "Designing user interfaces.",
                "Cross-browser and adaptive HTML/CSS layout.",
                "Implemented a payment functionality for online store."
            ]
        }
    ]

},

{
    "position_name": "Node.js developer",
    "position": "Middle",
    "english_level": "C2",
    "work_experience": 5,
    "education": "Economics",
    "technology_stack": ["Node.js", "MongoDB", "PostgreSQL", "React.js", "Microservices", "JavaScript"],
    "developer": true,
    "analyst": true,
    "soft_skills": [],
    "past_experience": [
        {
            "name": "JavaScript",
            "period": "08.2017 - 05.2018",
            "description": [
                "Working mainly in the front-end part, passing older features to the new environment and also developing new features with a multinational team, using mainly ReactJS."
            ]
        },
        {
            "name": "Developer",
            "period": "05.2018 - 03.2019",
            "description": [
                "Developing wizard system - platform of step-by-step questions for getting different kind of users information"
            ]
        },
        {
            "name": "Middle Software Developer",
            "period": "04.2019 - Present",
            "description": [
                "Developing backend of social games, using node.js"
            ]
        }
    ]

},

{
    "position_name": "Product manager",
    "position": "Middle",
    "english_level": "C2",
    "work_experience": 5,
    "education": "Economics",
    "technology_stack": ["UI/UX", "MS Excel"],
    "soft_skills": ["Project Management", "People management", "Agile"],
    "developer": true,
    "analyst": true,
    "soft_skills": [],
    "past_experience": [
        {
            "name": "IT Project Manager",
            "period": "01.2018 - 05.2019",
            "description": [
                "Managed projects in development and support models;",
                "Maintained projects documentation;",
                "Worked with project team formation;",
                "Provided communication with customers and stakeholders"
            ]
        },
        {
            "name": "IT Project Manager",
            "period": "06.2019 - 10.2020",
            "description": [
                "Managed project team in support model;",
                "Maintained project and department documentation;",
                "Worked with project team formation;",
                "Established and monitored KPIs;",
                "Provided communication with customers."
            ]
        },
        {
            "name": "Product/Project Manager",
            "period": "10.2020 - Present",
            "description": [
                "Determination, analysis, and control of the collection of KPI, conducting and interpreting A/B tests;",
                "Management of the product roadmap and creation of a full vision to prioritize and drive product value;",
                "Contribution to the overall product strategy and product development process;",
                "Creating and testing the hypotheses and new functionality development;",
                "Building processes and managing the decisions and perspectives in a team environment"
            ]
        }
    ]

},

{
    "position_name": "Ruby on Rails Developer",
    "position": "Middle",
    "english_level": "C2",
    "work_experience": 4,
    "education": "Economics",
    "technology_stack": ["Ruby On Rails", "JQuery", "Cron", "Kafka", "AngularJS", "Jenkins"],
    "developer": true,
    "analyst": true,
    "soft_skills": [],
    "past_experience": [
        {
            "name": "Junior Ruby Developer",
            "period": "02.2018 - 01.2019",
            "description": [
                "Solving problems of software product support, training, mentoring, building of individual development plans"
            ]
        },
        {
            "name": "Ruby on Rails Developer",
            "period": "02.2019 - 03.2020",
            "description": [
                "Creating and upgrading development infrastructure such as Ruby",
                "Creating complex web pages utilizing JQuery and AngularJS",
                "Developing working solutions by conversion of feature requirements",
                "Providing technical assistance in Agile development processes"
            ]
        },
        {
            "name": "Middle Frontend Developer",
            "period": "11.2020 - Present",
            "description": [
                "Prototyping & designing.",
                "Development of projects (frontend-parts) from scratch.",
                "Refinement of existing projects.",
                "Development of business logic and back-end systems for product support.",
                "Designing user interfaces.",
                "Cross-browser and adaptive HTML/CSS layout.",
                "Implemented a payment functionality for online store."
            ]
        }
    ]

},

{
    "position_name": "Go Developer",
    "position": "Middle",
    "english_level": "C2",
    "work_experience": 4,
    "education": "Economics",
    "technology_stack": ["Golang", "Python", "PostgreSQL", "RabbitMQ", "Linux", "Docker", "Kubernetes", "DB2 Oracle"],
    "developer": true,
    "analyst": true,
    "soft_skills": [],
    "past_experience": [
        {
            "name": "Software engineer",
            "period": "06.2018 - 12.2019",
            "description": [
                "Created an application for telecom operators to display the load of network equipment;",
                "Build web application for visualization network infrastructure monitoring system;",
                "Develop a real time web application for monitoring network loading."

            ]
        },
        {
            "name": "Software engineer",
            "period": "12.2019 - 08.2021",
            "description": [
                "Develop an external API to get data of thousand сars for sale;",
                "Created a service for generating Google and Facebook advertising campaigns files;",
                "Build a service for obtaining data, images and video about a car by VIN number;",
                "Developed a service that allows importing cars to the sales platform;",
                "Improved the speed of processing feeds with cars by 25%;",
                "Used Golang and Python for all server-side programming;",
                "Responsible for all external integrations with the platform."

            ]
        },
        {
            "name": "Software engineer",
            "period": "08.2021 - Present",
            "description": [
                "Develop services for the telemedicine product;",
                "Responsible for task manager service with thouthant of items and chats;",
                "Improved the speed of processing items from 2 min to 200 ms."

            ]
        }
    ]

},

{
    "position_name": "Java Developer",
    "position": "Middle",
    "english_level": "C2",
    "work_experience": 4,
    "education": "Economics",
    "technology_stack": ["Java", "SQL", "Spring Framework", "Hibernate", "Postgres", "MongoDB", "Elasticsearch", "Git", "Gitlab", "CI", "Maven", "Docker"],
    "soft_skills": [],
    "developer": true,
    "analyst": true,
    "past_experience": [
        {
            "name": "Tech Support/DevOps Engineer",
            "period": "03.2018 - 08.2019",
            "description": [
                "Gained both technical support and administrating experience while working on a worldwide VoIP project.",
                "Processed Tier-2 technical requests: call log analysis, equipment configuration, feature requests",
                "Performed system monitoring and developed scripts for processing and displaying log events ",
                "Managed integration with AWS products - Helped to establish communication between product and client teams"
            ]
        },
        {
            "name": "Junior Java Developer",
            "period": "08.2019 - 01.2020",
            "description": [
                "Developing new functionality and CI/CD infrastructure",
                "Fixing and monitoring system bugs",
                "Participating in mentoring and on boarding processes"
            ]
        },
        {
            "name": "Java Software Engineer",
            "period": "02.2020 - Present",
            "description": [
                "Responsible for developing functionality for micro-service based IPTV platform.",
                "Integrated the audit of system components: full personalized history of component operations",
                "Developed Elasticsearch-based service for searching TV-programs and movies",
                "Designed and implemented API for VOD integration via TMDB services",
                "Analyzed and fixed performance issues for service requests"
            ]
        }
    ]

},

{
    "position_name": "Kotlin Developer",
    "position": "Middle",
    "english_level": "C2",
    "work_experience": 4,
    "education": "Economics",
    "technology_stack": ["Kotlin", "Git", "Linux", "Java", "SQL", "Spring Framework", "MVC", "JPA", "REST", "Hibernate", "ORM", "Docker", "Spring"],
    "developer": true,
    "analyst": true,
    "soft_skills": [],
    "past_experience": [
        {
            "name": "Java developer",
            "period": "07.2018 - 09.2019",
            "description": [
                "Startup originated in Japan, was helping to develop complex system involving blockchain communication, REST services for mobile clients;",
                "Since it's a startup, it wasn't my only job to develop but to design some components, i.e. Kafka-based middleware, Neo4j-based graph service;",
                "For example incorporated PageRank algo to weight out nodes importance."
            ]
        },
        {
            "name": "Kotlin backend developer",
            "period": "09.2019 - 03.2021",
            "description": [
                "Main task - developing backend for clients using Java/Kotlin and Spring Reactive. Most of the time was busy on client's medical references service backend. I had to implement business logic of references consolidation, dynamic data snapshots comparison, import/export of data. Resulted in me to deepen knowledge in Jackson, JDBC, Project Reactor libraries.", 
                "During doing this job acquired fluency in Kotlin language, specifically scope functions, suspend functions, Higher Kind functions, coroutines, data classes, pattern matching and so on."
            ]
        },
        {
            "name": "Kotlin Developer",
            "period": "03.2021 - Present",
            "description": [
                "Banking Developing new services for integration rich application;",
                "Main focus was to develop REST services which wrapped inside async calls to 3rd party application with rate limitation;",
                "Responsibilities also included fixing hot bugs reported by production environment which involved difficult scenarios to replay"

            ]
        }
    ]

},

{
    "position_name": "QA Engineer",
    "position": "Middle",
    "english_level": "C2",
    "work_experience": 4,
    "education": "Economics",
    "technology_stack": ["Selenium", "Cucumber", "Charles", "Postman", "PyTest", "Gitlab", "JUnit", "TestCafe", "Allure"],
    "developer": true,
    "analyst": true,
    "soft_skills": [],
    "past_experience": [
        {
            "name": "Quality Assurance Engineer",
            "period": "01.2018 - 11.2019",
            "description": [
                "Analyzed requirements and test results;",
                "Communicated with the product owner about the product requirements, the priority of reported defects;",
                "Defined test procedures and documentation;", 
                "Filed bug reports and organized tickets via Redmine;",
                "Fixed and updated existing tests;",
                "Participated in planning, scrum sessions, and daily meetings;",
                "Performed test cases and updated test runs and test plans;",
                "Transferred knowledge within a team of 3 testing engineers;",
                "Worked on framework improvements;",
                "Wrote test documentation, test scenarios, and automated tests using Rest API and Specflow." 
            ]
        },
        {
            "name": "Quality Assurance Engineer",
            "period": "11.2019 - Present",
            "description": [
                "Analyzing software requirements and abilities for automation;",
                "Communicating with the product owner about the product requirements, the priority of reported defects;",
                "Creating, validating and executing test cases;",
                "Defining test procedures;",
                "Filing bug reports using Jira and analyzing test results;",
                "Fixing and updating existing tests;",
                "Participating in a remote team of 200 engineers;",
                "Transferring knowledge within a team of 4 testing engineers;",
                "Updating test plans, performing test analysis;",
                "Working on framework improvements;",
                "Writing test documentation, test scenarios, automated tests using Rest API." 

            ]
        }
    ]

},


{
    "position_name": "IOS Developer",
    "position": "Middle",
    "english_level": "C2",
    "work_experience": 4,
    "education": "Economics",
    "technology_stack": ["Swift", "SwiftUI", "Combine", "CoreData", "CoreImage", "Vision", "Apollo-iOS", "SDK", "TDD", "Clean Architecture", "Design Patterns"],
    "developer": true,
    "analyst": true,
    "soft_skills": [],
    "past_experience": [
        {
            "name": "IOS developer",
            "period": "08.2018 - 04.2021",
            "description": [
                "Bond portfolio management - one app for multiple brokerage accounts;",
                "Food production modeling - simplified and accelerated (2x) initial evaluation for new product launch;",
                "Investments and financial models comparison - speed up 4x time to decision;",
                "Company meetings minutes rep"
            ]
        },
        {
            "name": "IOS developer",
            "period": "05.2021 - Present",
            "description": [
                "Made a roadmap to transition the existing codebase into the clean modular architecture;",
                "Implemented a new major app feature, with super-modular architecture, unit tests for all non-UI components, snapshot tests for UI components;",
                "Made services for uploading data to and fetching data from the backends (ApolloiOS SDK/GraphQL and REST API), custom ImageCache with image-maker for provided size, social sharing (Instagram, Facebook, Snapchat, TikTok);",
                "Decoupled components (for testing, replacement, and maintainability);",
                "Made feature preview apps for app features with real and mock backends, separated from the core app"
            ]
        }
    ]

},

{
    "position_name": "UX/UI Designer",
    "position": "Middle",
    "english_level": "C2",
    "work_experience": 5,
    "education": "Economics",
    "technology_stack": ["Figma (Software)", "UX", "Prototyping", "User Interface Design", "User Experience Testing."],
    "soft_skills": ["Teamwork"],
    "developer": true,
    "analyst": true,
    "soft_skills": [],
    "past_experience": [
        {
            "name": "UX/ UI Designer",
            "period": "10.2018 - 08.2021",
            "description": [
                "Worked in health tech domain;",
                "Developed a series of wireframes, user stories, and clickable prototypes;",
                "Reduced the number of user errors when working with forms by 20%;",
                "Made decisions on the strategy of user experience design, to improve the existing functionality of the product and add a new one;",
                "Worked with the scientific department and analysts",
                "Monitored and analyzed how users work with the product and used the research results when created a new design."
            ]
        },
        {
            "name": "Experience Designer",
            "period": "09.2021 - Present",
            "description": [
                "Redesigned the web pages of the employee's account, making it easier to work with orders, which resulted in faster processing of requests;",
                "Improved the display of data on the client's web pages, which reduced the number of questions to the technical support and customer managers;",
                "Presented solutions to key stakeholders;",
                "Consulted developers about UX restrictions"
            ]
        }
    ]

},

{
    "position_name": "PHP Developer",
    "position": "Senior",
    "english_level": "C2",
    "work_experience": 6,
    "education": "Economics",
    "technology_stack": ["PHP", "Node.js", "HTML", "CSS", "JavaScript", "AJAX", "MySQL", "SQLite", "PostgreSQL", "Oracle", "MS", "Apache", "Zabbix", "Grafana"],
    "developer": true,
    "analyst": true,
    "soft_skills": [],
    "past_experience": [
        {
            "name": "Owner and Developer",
            "period": "12.2016 - 03.2022",
            "description": [
                "Developed, tested and moved to production state web-based solutions solving data processing and analysis tasks faced by power grid companies;",
                "Effectively translated client requirements into application features;",
                "Ensured smooth product launches with extensive test coverage and well detailed documentation complying with client's strict policies;",
                "Gradually scaled applications to serve a rapidly growing user base."
            ]
        },
        {
            "name": "Tech Specialist",
            "period": "04.2020 - Present",
            "description": [
                "Developed, tested and delivered internal automations and flows for Customer. Care department of a global fintech/ecommerce company;",
                "Built integrations, APIs and UIs for cross-department interactivities effectively collaborating with globally distributed project stakeholders;",
                "Significantly increased customer service efficiency deeply integrating Oracle Right Now (CX) with a diverse set of internal systems."
            ]
        }
    ]

},

{
    "position_name": "PHP Developer",
    "position": "Middle",
    "english_level": "C2",
    "work_experience": 7,
    "education": "Economics",
    "technology_stack": ["PHP", "JavaScript", "Laravel", "jQuery", "React.js", "Bootsrap", "CSS", "MySql", "MongoDB", "Apache", "Nginx", "Jira", "Trello", "Gitlab"],
    "developer": true,
    "analyst": true,
    "soft_skills": [],
    "past_experience": [
        {
            "name": "Web developer (Laravel)",
            "period": "06.2017 - 09.2019",
            "description": [
                "Development features for import/export data in queues from/to .csv format, manage this data in the admin panel;",
                "Development of new services and features for CMS. Writing features and domains jobs tests."
            ]
        },
        {
            "name": "Web developer (Laravel)",
            "period": "09.2019 - Present",
            "description": [
                "Building micro-services for providing payment gateway flow;",
                "Building API for micro-services authentication and authorization flow;",
                "Development REST API service;",
                "Development of new services and features for financial CRM. Implementing micro-services with fragments of DDD architecture;",
                "Writing unit tests;",
                "Developing and integrating payment package (Genesis, EMerchant, Skrill, Neteller, DotPay etc.)."

            ]
        }
    ]

},

{
    "position_name": "Python Developer",
    "position": "Middle",
    "english_level": "C2",
    "work_experience": 5,
    "education": "Economics",
    "technology_stack": ["Python", "Django", "MongoDB", "Celery", "Redis", "Docker", "Jira", "C++", "PostgreSQL", "JavaScript"],
    "developer": true,
    "analyst": true,
    "soft_skills": [],
    "past_experience": [
        {
            "name": "Backend Developer",
            "period": "08.2017 - 10.2019",
            "description": [
                "Worked in the leading organization in the development of systems of coordinate-time support. Developed services in Python. Developed and maintained backend for: External API, Calculation of reliability indicators, Documentation generation."
            ]
        },
        {
            "name": "Backend Developer",
            "period": "11.2019 - Present",
            "description": [
                "Developed services in Python.",
                "Developed and maintained backend for a few applications: Services for formation and maintenance of a unified standards and normative reference information, Deploy Machine Learning Models and interaction with them through API."
            ]
        }
    ]

},

{
    "position_name": "Python Developer",
    "position": "Senior",
    "english_level": "C2",
    "work_experience": 7,
    "education": "Economics",
    "technology_stack": ["DRF", "Django", "PostgreSQL", "Git", "Celery", "Nginx", "Threading",  "Python", "Django", "Linux", "PostgreSQL", "Bash", "Git"],
    "soft_skills": ["Responsibility", "Analytical"],
    "developer": true,
    "analyst": true,
    "soft_skills": [],
    "past_experience": [
        {
            "name": "Backend Developer (Python)",
            "period": "03.2015 - Present",
            "description": [
                "Virtualization Platform and Virtual Desktop Platform software development Role: Backend Developer (Python)",
                "Software development (backend)",
                "System analytics (virtualization, clustering, fault tolerance, networks, storages, license, backup)",
                "Security analytics (conducting state certification)",
                "UI/UX cases analytics and creating, controlling tasks for developers",
                "High-level architectural decisions",
                "Low-level architectural decisions partly",
                "Creation, control of tasks for developers",
                "Customers communication - Presentations at conferences",
                "Planning and estimation - Conducting technical interviews",
                "Agile team management (20 members)"
            ]
        }
    ]

},

{
    "position_name": "Java Developer",
    "english_level": "C2",
    "position": "Senior",
    "work_experience": 5,
    "education": "",
    "technology_stack": ["Java", "Spring", "Postgres", "JDBS", "WebSphere", "IBM DB2", "Docker"],
    "developer": true,
    "analyst": true,
    "soft_skills": [],
    "past_experience": [
        {
            "name": "Full Stack Developer",
            "period": "06.2017 - 07.2019",
            "description": [
                "Customer is a top 3 world's biggest Insurance company. The project is an accounting system for insurance and risk management (claim processing, сlaims policy broker certificate etc).",
                "Huge distributed backend was implemented with exotic stack technology based on IBM products with numerous remote services (like Sanction check service, Security check service etc) and frontend implemented using ExtJs.",
                "Team is huge, international and distributed. Management is located in USA and Europe. All development was conducted via VDI on the client's servers",
                "Technologies: Java, JavaScript, VDI, ExtJs, Rest, SOAP, JDBC, IBM FileNet, IBM WebSphere, IBM DB2, IBM Rational Team Concert, HP Application Life Cycle Management, Maven, Ant"
            ]
        },
        {
            "name": "Senior Java Developer/Tech Lead",
            "period": "08.2019 - Present",
            "description": [
                "AML platform based on microservice architecture and Axon framework. I have eliminated memory leak that have been annoying project during 8 months.",
                "Close work with DevOps department helped to improve performance and stability of the project from 1 to 50 ops",
                "Techs: Java11/GraalVM, Spring boot, Spring cloud, Axon framework, AMQP, Docker, GoogleCloudPlatform, Postgres, Redis, Elastic"
            ]
        }
    ]

},

{
    "position_name": "Go Developer",
    "english_level": "C2",
    "position": "Senior",
    "work_experience": 5,
    "education": "",
    "technology_stack": ["Java", "Golang", "Android", "MongoDB", "Node.js", "MySQL", "Docker", "JavaScript"],
    "developer": true,
    "analyst": true,
    "soft_skills": [],
    "past_experience": [
        {
            "name": "Go developer",
            "period": "02.2017 - 08.2019",
            "description": [
                "Develop web-based resources as part of distributed international teams.",
                "Participate in infrastructure support development as  infrastructure/sysOps team member.",
                "Tasks examples: - develop CLI tool for fast Infrastructure-as-a-code (terraform) configuration files generation (Go, bash): when developers need to create infrastructure for their freshly-developed service they don't have to write all the configs manually but can just type several console commands",
                "Participate in development of notification tool for code lifecycle system (Go): integration between VCS repo, CI service, messengers etc",
                "Main technologies: Go, Java, RDBMS PostgreSQL, MySQL, AWS,  Terraform, Spring, Hibernate, JBoss/WildFly, bash && Python to write ops automation tools."
            ]
        },
        {
            "name": "Senior Software Developer",
            "period": "10.2019 - Present",
            "description": ["Develop media content distribution platform, from client applications (Android AOSP (C ), Android SDK (Java, Kotlin)) to head-end services (Go, Java, AWS)"]
        }
    ]

},

{
    "position_name": "HTML/CSS Developer",
    "english_level": "C2",
    "position": "Senior",
    "work_experience": 5,
    "education": "Economics",
    "technology_stack": ["HTML", "CSS", "JavaScript", "TypeScript", "Node.js", "React"],
    "developer": true,
    "analyst": true,
    "soft_skills": [],
    "past_experience": [

        {
            "name": "Frontend Developer",
            "period": "03.2017 - 12.2018",
            "description": ["Developed a React front end of a pioneering B2B marketplace for construction-related products.",
                "Led a development team with 3 other engineers.Stack: JavaScript · HTML · CSS · React"
            ]
        },

        {
            "name": "Full stack Developer",
            "period": "12.2018 - 01.2020",
            "description": [
                "Brought countless features, updates and optimizations to an anonymous messaging service (web front end, Node.js back end, 30000+ DAU); worked with product managers to design and implement new monetization strategies based on premium features, which turned into the main revenue source.",
                "Built a brand new iOS React Native app for the anonymous messaging service, increasing the active user base by more than 15%.",
                "Developed a Node.js back end for an end-to-end encrypted messaging app, which grew to welcome 2000+ DAU.",
                "Built a React Native app for an internal task tracker and worked on other internal tools boosting the team's productivity.",
                "Stack: JavaScript · TypeScript · HTML · CSS · React · React Native · MobX · jQuery · Node.js · PHP · MySQL · PostgreSQL · Redis · Go"
            ]
        },
        {
            "name": "Senior Frontend Developer",
            "period": "02.2020 - Present",
            "description": ["Developed revenue-boosting web-to-app solutions for subscription-based health & fitness apps.",
                "Built a brand new cross-platform app for tracking football statistics using React Native.",
                "Oversaw a team of 2 other front end developers with the responsibility of mentorship and conducting code reviews.",
                "Stack: TypeScript · HTML · CSS (SASS) · React · React Native · Next.js · MobX · Apollo · GraphQL · Jest."
            ]
        }
    ]

},

{
    "position_name": "C/C++ Developer",
    "english_level": "C2",
    "position": "Senior",
    "work_experience": 8,
    "education": "Economics",
    "technology_stack": ["C/C++", "Java", "Linux", "Python", "Oracle"],
    "developer": true,
    "analyst": true,
    "soft_skills": [],
    "past_experience": [
        {
            "name": "C++ Developer",
            "period": "03.2014 - 02.2016",
            "description": [
                "Developing software for TV and set-top boxes.",
                "Porting open-source software to TV platforms.",
                "Adopting WebKit-based engines (WebKitGTK, Chromium and QtWebEngine).",
                "Platforms: Linux (ARM and MIPS), primary languages: C/C++"
            ]
        },
        {
            "name": "C++ Middle Developer",
            "period": "03.2016 - 09.2018",
            "description": [
                "Worked on the application for displaying various types of electronic maps and drawing graphic information onto them.",
                "Designed and implemented an application for internal use. The app is a kind of IDE to create conventional signs and their classifications."
            ]
        },
        {
            "name": "C++ Senior Developer/Team Lead",
            "period": "10.2018 - Present",
            "description": [
                "As a software engineer, I have implemented a number of the largest and most complicated features of our video service application for set-top boxes, which I had worked on since the initial concept phase, playing a major role in the development life cycle.",
                "As a team lead, I managed day-to-day activities of the team of 7 developers to deliver new features to our 7+ million users every 2 weeks."
            ]
        }
    ]

},

{
    "position_name": "C# Developer",
    "english_level": "C2",
    "position": "Senior",
    "work_experience": 6,
    "education": "Economics",
    "technology_stack": ["C#", "C", "MSSQL", "PostgreSQL", "RabbitMQ", ".NET"],
    "developer": true,
    "analyst": true,
    "soft_skills": [],
    "past_experience": [
        {
            "name": "C# Senior Developer",
            "period": "08.2016 - 02.2018",
            "description": ["Developed several REST api application for existing projects",
                "Designed and implemented a service for sending email message (smtp)on a micro-service architecture",
                "Supporting web-app (.net core + vue.js), Unit-testing"
            ]
        },
        {
            "name": "C# Senior Developer",
            "period": "04.2018 - 09.2019",
            "description": [
                "Implemented integrations with external systems",
                "Implemented a new scoring algorithm for 'credit conveyor'",
                "Implemented a new algorithm for parsing TC from incoming applications in the 'credit conveyor'",
                "Implemented a new algorithm for verification of legal entities in the 'credit conveyor'"
            ]
        },
        {
            "name": "C# Senior Developer/Team Lead",
            "period": "09.2019 - Present",
            "description": [
                "Leading the team of 4 developers",
                "Requirements decomposition, sprint planning for the development team",
                "Estimation of labor costs, design and code review of new functionality in the division",
                "Monitoring of implementation deadlines",
                "Interviewing and onboarding new employees",
                "Proposed and implemented initiatives in the 'credit conveyor' software package",
                "Error handling model refactoring to improve fault tolerance",
                "Logging model refactoring"
            ]
        }
    ]

},

{
    "position_name": "IOS Developer",
    "english_level": "C2",
    "position": "Senior",
    "work_experience": 5,
    "education": "Economics",
    "technology_stack": ["Swift", "iOS", "Xcode", "SwiftUI", "Cocoa Pods", ".Rxswift", "Core Data", "Git"],
    "developer": true,
    "analyst": true,
    "soft_skills": [],
    "past_experience": [

        {
            "name": "iOS Developer",
            "period": "05.2017 - 09.2019",
            "description": ["Participated in the development and refactoring of over 15 client's app with some having thousands of end users.",
                "Developed, improved and maintained UI using Storyboards and AutoLayout constraints.",
                "Worked with services team to integrate new RESTful web services for various features and functionality.",
                "Worked on Cocoa-Pods to implement third-party frameworks used in implementing key features of the application.",
                "Working with JSON inputs to pull the data from backend and display it on the app using URL Session"
            ]

        },
        {
            "name": "iOS Developer",
            "period": "10.2019 - Present",
            "description": [
                "Working in a team of four iOS developers, presently focused on a huge superApp with seven (7) separated modules that could each be classified as a separate application.",
                "Adding new modules, building layouts programmatically using snapkit, actively using MVVM-C for Architecture, Swinject for dependecy injection, Lottie for animation, Co-ordinators for flow, Rxswift, RxCocoa and RxdataSources which I currently use to build highly customizable Tableviews with sectioned data.",
                "Fixing bugs, adding new features, refactoring and working on assigned tasks on Git."
            ]
        }

    ]

},

{
    "position_name": "JavaScript Developer",
    "english_level": "C2",
    "position": "Senior",
    "work_experience": 5,
    "education": "Economics",
    "technology_stack": ["JavaScript", "TypeScript", "React", "Angular", "Node.js", "HTML"],
    "developer": true,
    "analyst": true,
    "soft_skills": [],
    "past_experience": [
        {
            "name": "Frontend Developer",
            "period": "06.2016 - 04.2018",
            "description": ["Providing solutions for interaction with blockchain.",
                "Integration of new cryptocurrencies into current project.",
                "Support several projects on main platform.",
                "Stack: Backend (NodeJS, GraphQL, REST, HapiJS, KoaJS, ExpressJS, Docker ); Frontend (Javascript, ReactJS, EmberJS, CSS, SASS, HTML, Handlebars, SVG, ESlint );"
            ]
        },
        {
            "name": "Senior Frontend Developer",
            "period": "04.2018 - 03.2020",
                "description": [
                    "Providing first-class solutions in area of retail business using cutting-edge technologies for the biggest private bank.",
                    "Creating and support a lot of applications in area of retail business.",
                    "Taking part in cross-functional and agile teams, which working by scrum.",
                    "Taking part in development of common library of components and Design-System for the Bank.",
                    "Making projects from the scratch and following development of them.",
                    "Taking part in distributing and prioritizing tasks.",
                    "Development and improvement inner open-source projects.",
                    "Stack: Backend (NodeJS, REST, HapiJS, KoaJS, ExpressJS, Docker ). Frontend (Javascript, TypeScript, ReactJS, CSS, HTML )."
                ]
        },
        {
            "name": "Senior Developer/Team Lead",
            "period": "03.2020 - Present",
            "description": [
                "Leading the developers units of up 10 persons size.",
                "Providing POCs, POTs and MVPs for newly started frontend applications also making architectural decisions.",
                "Taking part in making team, style and code-agreements.",
                "Conducting training courses for junior developers.",
                "Stack: Backend (NodeJS, AWS, Express, Koa, Hapi, fastify ). Frontend (JavaScript, Typescript, React, Angular, Svelte, SolidJs )."
            ]

        }
    ]

},

{
    "position_name": "Kotlin Developer",
    "english_level": "C2",
    "position": "Senior",
    "work_experience": 5,
    "education": "Economics",
    "technology_stack": ["Kotlin", "Kafka", "AWS", "MongoDB", "Elasticsearch", "Docker", "Blockchain", "Spring"],
    "developer": true,
    "analyst": true,
    "soft_skills": [],
    "past_experience": [
        {
            "name": "Senior Software Developer",
            "period": "02.2020 - 09.2021",
            "description": [
                "Trading. Development of a trading platform for the European market. The platform provides opportunities to buy/sell stocks or fractional parts of shares, to create limit orders, to calculate fees, to reflect the runtime price changes for financial instruments, to pay div-idends and another functionality.",
                "Tech stack: Kotlin, Spring (Boot, Config-Server), PostgreSQL, Liquibase, Kotlin Exposed, Kotlin Corutines, gRPC, Kafka, Avro, Protobuf, Gradle, Docker, Kuber-netes, AWS, Swagger, Gitlab, Consul, Helm, Kibana, Redash, Grafana, Jira, Conflu-ence, Notion, Allure, Microservice"
            ]
        },
        {
            "name": "Senior Backend Developer",
            "period": "10.2021 - Present",
            "description": [
                "NFT marketplace",
                "Fully remote, Scrum process",
                "Develop Ethereum blockchain -> Backend interaction",
                "Tech stack: Kotlin, MongoDB, Elasticsearch, Ethereum, Blockchain, Spring Boot."
            ]
        }

    ]

},

{
    "position_name": "Ruby on Rails Developer",
    "english_level": "C2",
    "position": "Senior",
    "work_experience": 8,
    "education": "Economics",
    "technology_stack": ["RoR", "Ruby", "SQL", "PostgreSQL", "JavaScript", "jQuery"],
    "developer": true,
    "analyst": true,
    "soft_skills": [],
    "past_experience": [
        {
            "name": "Team Lead",
            "period": "05.2014 - 04.2016",
            "description": ["Leading a team of web developers. Developing a web platform for online learning from the very beginning using Ruby on Rails and Backbone.js. Setting development processes including code review, CI, QA.",
                "Developing platforms for online learning.",
                "Building architecture of application and development environment.",
                "API integration, system administration."
            ]
        },
        {
            "name": "Senior Ruby on Rails Developer",
            "period": "03.2016 - 02.2020",
            "description": [
                "Full stack development of cloud management solutions based on KVM and Xen virtual machines.",
                "Support of core rails application",
                "Implemented new features like: live virtual machines and storage migrations, migrations from Xen to KVM, IOPS limiting, CPU quoting, TRIM for thin disks provisioning, AutoHealing feature for storage",
                "Participated in: development of cloud boot hypervisors, storage integration, microvisors integration."
            ]
        },
        {
            "name": "Senior Ruby on Rails Developer",
            "period": "02.2020 - Present",
            "description": ["API for mobile applications",
                "Implemented temporary tokens for authentication",
                "Implemented requests rate limiting and reCAPTCHA support",
                "Requests/DBQueries performance optimization",
                "Developing admin platform for inner users",
                "Implemented http security headers",
                "Integration with third party services (App Store, Google Play, Google Cloud, Zendesk, etc)",
                "Code Review",
                "Technologies used: Ruby, Ruby on Rails, ActiveAdmin, RailsAdmin, PostgreSQL, Redis, Sidekiq, Heroku, Rspec, FactoryBot, Haml, Sass, Bootstrap."
            ]
        }
    ]

},

{
    "position_name": "Systems analyst",
    "english_level": "C2",
    "position": "Any",
    "work_experience": 5,
    "education": "Economics",
    "technology_stack": ["XML", "Oxygen Xml Editor", "REST", "SOAP", "Oracle", "Pl/SQL", "System Analysis", "MS Office", "Mathematical Statistics", "Mathematical Analysis"],
    "soft_skills": [],
    "developer": true,
    "analyst": true,
    "soft_skills": [],
    "past_experience": [
        {
            "name": "Lead System Analyst",
            "period": "01.2017 - 09.2020",
            "description": [
                "Picked up legacy processes and documentation regarding microservice architecture of core processes and built upon it with new requirements and process documentation.",
                "Worked with stakeholders to define areas of potential improvement and defined the necessary system modifications.",
                "Drawn up specifications and use cases for further use during development and testing.",
                "Moderated daily scrum meetings for the entire team including business analyst, front-end and back-end developers and testers.",
                "Adapted unfinished and abandoned old processes and description of the implementation of new ones in accordance with constantly changing business requirements.",
                "Analyzed core business processes for potential errors and obstacles to account for them when drawing up the documentation for developers.",
                "Coordinated changes and both emerging and potential issues with multiple development teams, analysts, and product owners.",
                "Documented all the agreed upon changes with regards to stake holder vision for the business process using Atlassian Confluence.",
                "Assisted in solving several technical support tickets."
            ]
        },
        {
            "name": "Lead Business and System Analyst",
            "period": "09.2020 - Present",
            "description": [
                "Provided analytical support and wrote PL SQL scripts during the transfer to a new banking system, resulting in the successful transfer of all branch offices from over 60 regions to the new system.",
                "Modified an old undocumented SQL script to produce more detailed data for annual business reports.",
                "Added numerous modifications to an undocumented archaic Excel file containing a VBA script, necessary for its continuous use by end users in every regional office of the bank, easing data input into the system.",
                "Drawn up the requirements specifications for developers from several teams for large-scale tasks, including bank-wide cross-system integration processes and external system integrations using REST API and SOAP, which helped to avoid fines by the regulator and resulted in huge automation of work done by regional offices.",
                "Applied knowledge of UML diagrams to documentation for integration processes.",
                "Solved numerous support tickets as part of 3rd line of technical support by means of extensive use of Siebel Tools and PL SQL scripts, resulting in several modifications to the system.",
                "Developed a deeper understanding of core business processes by deciphering undocumented archaic legacy Siebel workflows and procedures, determining the exact changes required in the intertwined and nested process to achieve the demands of the client.",
                "Unraveled the intertwined core integration process, with multiple levels of nesting, used by several teams for data processing.",
                "Drawn up extremely detailed documentation for several projects using Atlassian Confluence.",
                "Provided analytical support in solving a support ticket regarding the integration difficulties with an outside system."
            ]
        }
    ]

},

{
    "position_name": "Business analyst",
    "english_level": "C2",
    "position": "Any",
    "work_experience": 10,
    "education": "Economics",
    "technology_stack": ["UML", "BABOK", "Jira", "PMBOK", "MS Project", "J2EE", "SOA", "web services", "Oracle 8i-11g", "SQL", "PL/SQL", "noSQL", "UNIX"],
    "soft_skills": ["Agile", "Analytical skills"],
    "developer": true,
    "analyst": true,
    "past_experience": [
        {
            "name": "Business analyst",
            "period": "10.2012 - Present",
            "description": [
                "Participated in the number of successfully delivered projects with Avea (Turkey), Wataniya Mobile (Palestine) , BEST (Belarus) acting as E2E BA / Solution Architect.",
                "Requirements gathering from the workshops with main Customer's stakeholders. Agile, SRS, User Stories, Use Cases, workflow/process diagrams, Gap analysis, Functional and Interface specifications, SIT/UAT/ roll-out support.",
                "Lead pre-sales from the technical side, answering RFI/RFQ/RFP, clarifying Customer's business needs, efforts estimation, providing related info to sales team, presenting to Customer technical solution.",
                "Experience in working with 3rd party vendors and distributed multi cultural teams",
                "Project management experience",
                "Scope management and change management",
                "Data migration"
            ]
        }
    ]

},

{
    "position_name": "Data Scientist",
    "english_level": "C2",
    "position": "Senior",
    "work_experience": 6,
    "education": "Economics",
    "technology_stack": ["ML", "Python", "SQL", "DeepLearning"],
    "developer": true,
    "analyst": true,
    "soft_skills": [],
    "past_experience": [
        {
            "name": "Lead Data Scientist",
            "period": "09.2016 - 04.2018",
            "description": [
                "Worked on multiple Data Science projects in a fintech startup."
            ]
        },
        {
            "name": "Data Science Consultant",
            "period": "05.2018 - 08.2020",
            "description": [
                "Developed a freight car routing system for a large rail transport operator, thus resulting in savings of up to 20% of empty mileage costs by optimizing the movement of all cars using integer linear programming.",
                "Built and implemented a digital visual advisor with a view to helping one of the largest fertilizer companies maintain a stable production in a highly variable environment"
            ]
        },
        {
            "name": "Lead Data Scientist",
            "period": "09.2020 - Present",
            "description": [
                "Built an internal Data Analytics platform",
                "Developed ML-based product transforming company's budgeting process",
                "Led a team of 10 software developers and data scientists."
            ]
        }
    ]

},

{
    "position_name": "DevOps Engineer",
    "english_level": "C2",
    "position": "Senior",
    "work_experience": 6,
    "education": "Economics",
    "technology_stack": ["Jira", "Nginx", "Terraform", "Ansible", "Zabbix", "Kubernetes", "Jenkins", "Git", "Docker", "Haproxy"],
    "developer": true,
    "analyst": true,
    "soft_skills": [],
    "past_experience": [
        {
            "name": "Lead Software Engineer",
            "period": "09.2016 - 12.2018",
            "description": [
                "Teamlead of exploitation/support team. Had experience with CI/CD pipelines (Teamcity).",
                "Worked with Docker/Kubernetes. Created my team's repo for our custom scripts (Bitbucket).",
                "Automated a lot of manual tasks (Ansible, Bash).",
                "Worked on automated tests for about a year (Python + Robot Framework + Git).",
                "Researched some Linux and Java bottlenecks."
            ]
        },
        {
            "name": "Senior DevOps Engineer",
            "period": "01.2019 - 02.2020",
            "description": [
                "Administration of a high-load and complex start-up project based on machine learning and video streams.",
                "Migration of infrastructure from Azure VM's to Google Kubernetes.",
                "Building CI/CD with GitLab and Ansible to deploy infrastructure services and self-developed applications into Kubernetes.",
                "Building monitoring system based on Prometheus/Grafana/Alert manager (for application) and Zabbix (for infrastructure). A lot of automations and integrations with Python and Bash."
            ]
        },
        {
            "name": "Senior DevOps Engineer",
            "period": "02.2020 - Present",
            "description": [
                "Administration of hosts used to operate the company's services. About 2000 hosts running Linux (Debian and CentOS). Both bare metal (Proxmox) and cloud hosts (AWS EC2, Croc Cloud, Sber Cloud) are used.",
                "Developed ML-based product transforming company's budgeting process",
                "Description of infrastructure as a code. Creating playbooks to provision and set up hosts and clusters. Main tools - Ansible, Terraform.",
                "Maintenance of existing and support of new CI/CD pipelines. Main tools - Kubernetes, Jenkins, Git, Gitlab CI, Docker Compose.",
                "Setting up traffic proxying and traffic balancing. Main tools - Nginx, Haproxy, Keepalived.",
                "Infrastructure monitoring and service logging. Creation and description of monitoring rules, alert parameters and dashboards with the statuses of services. Main tools - Zabbix, Prometheus, Grafana, Graylog.",
                "Administration of Atlassian applications - Jira, Jira Helpdesk"
            ]
        }
    ]

},

{
    "position_name": "Erlang Developer",
    "english_level": "C2",
    "position": "Senior",
    "work_experience": 6,
    "education": "Economics",
    "technology_stack": ["Erlang", "JavaScript", "Docker", "PostgreSQL", "C/C++", "NoSQL", "AWS", "Coturn", "MongoDB", "WebRTC", "Mnesia"],
    "developer": true,
    "analyst": true,
    "soft_skills": [],
    "past_experience": [
        {
            "name": "Erlang Developer",
            "period": "07.2016 - 11.2017",
            "description": [
                "Development of a very loaded game backend.",
                "Participated in the creation of a messenger system."
            ]
        },
        {
            "name": "Erlang Developer",
            "period": "01.2018 - 10.2020",
            "description": [
                "Finalization and maintenance of the SBC project (session border controller)",
                "Implementation of RFC6665 functionality.",
                "Writing fuzzy testing tools.",
                "Automation testing.",
                "Bugfix, refactoring."
            ]
        },
        {
            "name": "Senior Erlang Developer",
            "period": "10.2020 - Present",
            "description": [
                "Support and development of the internal infrastructure of the exchange"
            ]
        }
    ]

},

{
    "position_name": "Node.js developer",
    "english_level": "C2",
    "position": "Senior",
    "work_experience": 7,
    "education": "Economics",
    "technology_stack": ["Node.JS", "JavaScript", "React", "TypeScript", "RabbitMQ", ".NET"],
    "developer": true,
    "analyst": true,
    "soft_skills": [],
    "past_experience": [
        {
            "name": "Fullstack Node.JS Developer",
            "period": "09.2015 - 07.2016",
            "description": [
                "From scratch, developing and launching a mobile version of the automotive portal.",
                "Development of Backend-For-Front end and the client part of the service."
            ]
        },
        {
            "name": "Senior Node.JS Developer",
            "period": "07.2016 - 11.2018",
            "description": [
                "The base is represented by various applications on the platforms NodeJS and .net core.",
                "Development of services on .net and NodeJS platforms.",
                "Planning sprints.",
                "Code review.",
                "Planning and development of application architecture."
            ]
        },
        {
            "name": "Senior Node.JS Developer/Team Lead",
            "period": "12.2018 - Present",
            "description": [
                "Developed our own ticketing and payment system on Node.JS + TypeScript + MongoDB + RabbitMQ + VueJs.",
                "Currently I am a system architect and developer of this system.",
                "The system is built on a microservice architecture. The payment system itself is not a processing, but aggregates the possibility of payment through any payment system or internet bank."
            ]
        }
    ]

},

{
    "position_name": "Product manager",
    "english_level": "C2",
    "position": "Senior",
    "work_experience": 5,
    "education": "Economics",
    "technology_stack": ["UI/UX", "MS Excel"],
    "developer": true,
    "analyst": true,
    "soft_skills": ["Project management", "Agile", "People management"],
    "past_experience": [
        {
            "name": "Product owner",
            "period": "01.2017 - 12.2018",
            "description": [
                "Mobile app for retail:",
                "Integration with inhouse micro services.",
                "Negotiation with stakeholders and local partners.",
                "Created inhouse dev team.",
                "Working with product analysis.",
                "Managing inhouse and outstaff dev teams.",
                "Working with technical docs.",
                "Added function with personal promotions.",
                "Results:",
                "Created a new mobile application and the delivery service.",
                "Add new analytics metrics.",
                "GMV + n% (NDA).",
                "CR +20%",
                "Average increase per user LTV +5%"
            ]
        },
         {
            "name": "Product owner",
            "period": "01.2019 - 05.2020",
            "description": [
                "Launched and run biometry and video product on ATM: speed up development cycle time and increase the delivery rate without losing quality of the final product.",
                "Took over PLM system, created vision, strategy and OKR, implemented documentation and success metrics, set communication plan and status meetings, prioritized backlog.",
                "Optimized interactions with vendors, structurized communications both ways and saved up to 30% of employees' time, reduced the number of appeals by 45%",
                "Implemented structured workflow between departments and clear communication corridors, set up a painless transition to new messaging systems."
            ]
        },
        {
            "name": "Product owner",
            "period": "07.2020 - Present",
            "description": [
                "Unit of the economy.",
                "Market analysis and benchmark.",
                "Launching of MVP.",
                "Development and scaling of the product.",
                "Providing internal integrations necessary for the development of the target architecture product.",
                "Building the product support process: consulting internal and external users for the launch period, transfer to support.",
                "Launched the product (Notification platform) to the market and lined the system of analysis of main indexes (costs, active users, ltv).",
                "Launched the product of customized services for B2B and quantity of clients has increased.",
                "Launched the new status model for communication between business and user or business to business."
            ]
        }
    ]

},

{
    "position_name": "QA Engineer",
    "english_level": "C2",
    "position": "Senior",
    "work_experience": 5,
    "education": "Economics",
    "technology_stack": ["Wrike", "Jira", "Java", "Kotlin", "Swift", "JUnit", "TestNG", "Retrofit", "WebStorm", "Maven", "Jenkins", "Allure", "MySQL", "Apache", "PostgreSQL", "Oracle DB", "HTML/CSS"],
    "developer": true,
    "analyst": true,
    "soft_skills": [],
    "past_experience": [
        {
            "name": "QA Engineer",
            "period": "09.2017 - 04.2019",
            "description": [
                "Highload platform based on microservice architecture for sending notifications (SMS, push, viber, telegram) Teams: 4 specialists and 4 specialists (2 teams)",
                "Writting UI tests, Rest tests and mocks using java",
                "Working with linux servers, deploying and maintaining test stands",
                "Responsible for the entire testing cycle",
                "Employee training and mentoring",
                "Partial role of Scrum master"
            ]
        },
        {
            "name": "QA Engineer",
            "period": "04.2019 - 12.2021",
            "description": [
                "The Wrike platform has the power needed to support the most complex workflows, all managed through an intuitive and easy-to-use and adopt interface. The Wrike platform can be customized to any user, team, department, or project so your teams can make requests, plan projects, assign tasks, collaborate with team members, track progress on work, and more. Teams: 12 specialists and 7 specialists (2 teams)",
                "Writing and maintaining UI/Rest autotests in Java",
                "Active participation in the development of a complex test framework (200 modules, more than 40,000 tests, custom mechanisms for quickly disabling tests, flexible search and filtering of tests, etc.)",
                "Development of internal company products",
                "IDE plugins development",
                "Help and training QA in writing autotests"

            ]
        },
        {
            "name": "Automation QA Engineer",
            "period": "12.2021 - Present",
            "description": [
                "Aggregator of doctors and medical services. A wide database of clinics and doctors throughout the country with the ability to accurately search and filter. Teams: 8 specialists and 6 specialists (2 teams)",
                "Creating a java autotest framework from scratch.",
                "Writing new java autotests and migrating old ones from javascript."
            ]
        }
    ]

},

{
    "position_name": "Systems analyst",
    "english_level": "C2",
    "position": "Senior",
    "work_experience": 5,
    "education": "Economics",
    "technology_stack": ["XML", "Oxygen", "Xml Editor", "REST", "SOAP", "Oracle", "Atlassian Confluence", "Waterfall"],
    "soft_skills": ["Agile", "Project Management"],
    "developer": true,
    "analyst": true,
    "past_experience": [
        {
            "name": "Lead System Analyst",
            "period": "01.2017 - 09.2020",
            "description": [
                "Provided analytical support and wrote PL SQL scripts during the transfer to a new banking system, resulting in the successful transfer of all branch offices from over 60 regions to the new system.",
                "Modified an old undocumented SQL script to produce more detailed data for annual business reports.",
                "Added numerous modifications to an undocumented archaic Excel file containing a VBA script, necessary for its continuous use by end users in every regional office of the bank, easing data input into the system.",
                "Drawn up the requirements specifications for developers from several teams for large-scale tasks, including bank-wide cross-system integration processes and external system integrations using REST API and SOAP, which helped to avoid fines by the regulator and resulted in huge automation of work done by regional offices.",
                "Applied knowledge of UML"
            ]
        },
        {
            "name": "Lead Business and System Analyst",
            "period": "09.2020 - Present",
            "description": [
                "Picked up legacy processes and documentation regarding microservice architecture of core processes and built upon it with new requirements and process documentation.",
                "Worked with stakeholders to define areas of potential improvement and defined the necessary system modifications.",
                "Drawn up specifications and use cases for further use during development and testing.",
                "Moderated daily scrum meetings for the entire team including"
            ]
        }
    ]

},

{
    "position_name": "UX/UI Designer",
    "english_level": "C2",
    "position": "Senior",
    "work_experience": 5,
    "education": "Economics",
    "technology_stack": ["Product Design", "Design Systems", "Design Management", "Web Design", "Mobile app design", "UX research", "Wireframing Prototyping", "UI design", "Human Interface Guidelines", "Material design"],
    "developer": true,
    "analyst": true,
    "soft_skills": [],
    "past_experience": [
        {
            "name": "Head of UX",
            "period": "03.2017 - 01.2019",
            "description": [
                "Reviewed design solutions and resolved issues with clients by suggesting how to improve UX design for their projects;",
                "Developed and introduced to the team UX design framework with the focus on comprehensive project documenting;",
                "Designed project templates to optimize time and effort required from designers."
            ]
        },
        {
            "name": "Principal Interaction Designer",
            "period": "03.2019 - 07.2019",
            "description": [
                "Led industrial and interaction design activities for an indoor delivery robot built in a 3-month timeframe.",
                "Deviced holistic approach for modeling robots and other high-tech appliances is not yet widely available.",
                "An article was published in HUCAPP proceedings in Feb 2022."
            ]
        },
        {
            "name": "Head of Human Robot Interaction",
            "period": "08.2019 - Present",
            "description": [
                "Performed a UX coaching session for GenerationS fintech startup accelerator;",
                "Audited user experience of six products and identified critical issues before usability testing, which saved my clients a round of testing and reduced associated cost;",
                "Consistently maintained the Top Rated status and 100% Job Success Score."
            ]
        }
    ]

},

{
    "position_name": "Android Developer",
    "english_level": "C2",
    "position": "Middle",
    "work_experience": 5,
    "education": "Economics",
    "technology_stack": ["Kotlin", "Java", "Android SDK", "Scrum", "Git", "XML"],
    "developer": true,
    "analyst": true,
    "soft_skills": [],
    "past_experience": [
        {
            "name": "Android Developer",
            "period": "03.2017 - 08.2018",
            "description": [
                "Project in the airline company",
                "Supported the existed code and improved the architecture",
                "Wrote tests on the essential parts of the existed code",
                "Developed a custom session renewal mechanism",
                "Created a Facebook-like feed with custom cards inside",
                "Implemented a bidding system that allows the user to bid miles for real goods"
            ]
        },
        {
            "name": "Middle Android Developer",
            "period": "08.2018 - 02.2020",
            "description": [
                "Coordinate android development",
                "Develop bank and healthcare app",
                "Discuss and finilize designs and concept of the apps",
                "Build app for recruiters to monitor engagements statuses",
                "Communicate with backend devs to bring functionality live",
                "Implement CRM like approach"
            ]
        },
        {
            "name": "Middle Android Developer",
            "period": "02.2020 - Present",
            "description": [
                "Application to call a medical professional. Call a physician at the scene of an accident, to provide first aid",
                "Application Features: Building a route to the incident point. Video call. Registration of the incident.",
                "Call additional medical services",
                "Development of the application",
                "Interaction with the backend"
            ]
        }
    ]

},

{
    "position_name": "Android Developer",
    "english_level": "C2",
    "position": "Senior",
    "work_experience": 6,
    "education": "Economics",
    "technology_stack": ["Kotlin", "Java", "Android SDK", "Scrum", "Git", "XML"],
    "developer": true,
    "analyst": true,
    "soft_skills": [],
    "past_experience": [
        {
            "name": "Android Developer",
            "period": "05.2016 - 06.2017",
            "description": [
                "Developed applications for automatization of inner company processes, particularly scanning and registering of postal packets.",
                "On a technical side, got the experience of working with SOAP requests on android platform."
            ]
        },
        {
            "name": "Middle Android Developer",
            "period": "06.2017 - 08.2020",
            "description": [
                "Development of the food app with 100k + downloads",
                "Reducing crash rate",
                "Support of HMS and GMS devices",
                "Multiple protection levels",
                "Multimodule project",
                "Support of linters",
                "CI/CD: automated delivery of build with check ups to QA team and publication to stores."
            ]
        },
        {
            "name": "Senior Android Developer",
            "period": "09.2020 - Present",
            "description": [
                "Developed mobile application for US-based health company. Main aim is to digitize rapid antigen tests to avoid human error factors all together.",
                "Developed library to transfer byte-level data (Covid-19/Influenza test results) between Bluetooth device and handset with retry and error-detection logic. Library is also used to send commands from handset to the Bluetooth."
            ]
        }
    ]

}

]